,Clique 1,Pegasus 1,Gauss 1,Cliq Gauss 1,Clique 2,Pegasus 2,Gauss 2,Cliq Gauss 2,Clique 3,Pegasus 3,Gauss 3,Cliq Gauss 3,Clique 4,Pegasus 4,Gauss 4,Cliq Gauss 4,Clique 5,Pegasus 5,Gauss 5,Cliq Gauss 5,Clique 6,Pegasus 6,Gauss 6,Cliq Gauss 6,Clique 7,Pegasus 7,Gauss 7,Cliq Gauss 7,Clique 8,Pegasus 8,Gauss 8,Cliq Gauss 8,Clique 9,Pegasus 9,Gauss 9,Cliq Gauss 9,Clique 10,Pegasus 10,Gauss 10,Cliq Gauss 10
PT Min energy,-356.0,-168.0,-170.9430722583426,-356.84090309702634,-344.0,-156.0,-152.7170120487049,-345.97119480125286,-352.0,-148.0,-149.69537150889343,-337.9648042403964,-348.0,-164.0,-139.79701730277986,-372.26732465394684,-336.0,-160.0,-148.62907416898935,-327.3428436083062,-1858.0,-2256.0,-2206.7288704579514,-1919.4211413570865,-1890.0,-2300.0,-2118.863362318234,-1866.4729805740692,-1922.0,-2272.0,-2321.6729571127344,-1877.089574041829,-1898.0,-2252.0,-2149.1313754583816,-1922.4936959013821,-1874.0,-2232.0,-2149.795975543029,-1885.6079400199994
DWave Min Energy,-356.0,-168.0,-170.94307225834262,-356.84090309702657,-344.0,-156.0,-152.71701204870487,-345.971194801253,-352.0,-148.0,-149.69537150889346,-337.9648042403965,-348.0,-164.0,-139.79701730277986,-372.26732465394656,-336.0,-160.0,-148.62907416898935,-327.3428436083061,-1690.0,-2208.0,-2155.3822892970084,-1733.7369065082455,-1714.0,-2180.0,-2068.0884064868537,-1718.4372926310543,-1714.0,-2264.0,-2230.793051907411,-1740.0655922609094,-1666.0,-2116.0,-1924.0126392129134,-1729.6202826349302,-1730.0,-2212.0,-2137.896089946869,-1731.6172040599113
Discrepancy,0.0,0.0,0.0,0.0,0.0,0.0,0.0,0.0,0.0,0.0,0.0,0.0,0.0,0.0,0.0,0.0,0.0,0.0,0.0,0.0,47.0,214.0,139.0,59.0,25.0,192.0,204.0,33.0,34.0,204.0,102.0,37.0,32.0,191.0,201.0,52.0,27.0,197.0,222.0,56.0
