,Unnamed: 0,Pegasus 1,Pegasus 2,Pegasus 3,Pegasus 4,Pegasus 5,Pegasus 6,Pegasus 7,Pegasus 8,Pegasus 9,Pegasus 10,Clique 1,Clique 2,Clique 3,Clique 4,Clique 5,Clique 6,Clique 7,Clique 8,Clique 9,Clique 10,Gauss 1,Gauss 2,Gauss 3,Gauss 4,Gauss 5,Gauss 6,Gauss 7,Gauss 8,Gauss 9,Gauss 10
0,PT Min energy,-167.0,-151.0,-147.0,-161.0,-155.0,-2262.0,-2302.0,-2298.0,-2272.0,-2276.0,-351.0,-331.0,-341.0,-343.0,-331.0,-1820.0,-1896.0,-1918.0,-1886.0,-1888.0,-166.29449913166735,-148.08337824999865,-143.3563325125296,-138.7231187616974,-143.56218760627235,-2178.2151694016775,-2135.2517062655306,-2252.6579967043886,-2173.387309976707,-2119.935139003278
1,DWave Min Energy,-168.0,-156.0,-148.0,-164.0,-160.0,-2208.0,-2180.0,-2264.0,-2116.0,-2212.0,-356.0,-344.0,-352.0,-348.0,-336.0,-1690.0,-1714.0,-1714.0,-1666.0,-1730.0,-170.94307225834262,-152.71701204870487,-149.69537150889346,-139.79701730277986,-148.62907416898935,-2155.3822892970084,-2068.0884064868537,-2230.793051907411,-1924.0126392129134,-2137.896089946869
2,Discrepancy,0.0,0.0,0.0,0.0,0.0,217.0,165.0,185.0,174.0,179.0,0.0,3.0,13.0,0.0,0.0,36.0,23.0,34.0,38.0,36.0,0.0,0.0,3.0,1.0,3.0,206.0,209.0,152.0,221.0,212.0
