,Pegasus_Hamiltonian_1,Pegasus_Hamiltonian_6,Pegasus_Hamiltonian_2,Pegasus_Hamiltonian_7,Pegasus_Hamiltonian_3,Pegasus_Hamiltonian_8,Pegasus_Hamiltonian_4,Pegasus_Hamiltonian_9,Pegasus_Hamiltonian_5,Pegasus_Hamiltonian_10,Clique_Hamiltonian_1,Clique_Hamiltonian_2,Clique_Hamiltonian_3,Clique_Hamiltonian_4,Clique_Hamiltonian_5,Clique_Hamiltonian_6,Clique_Hamiltonian_7,Clique_Hamiltonian_8,Clique_Hamiltonian_9,Clique_Hamiltonian_10
0,0,32.672664403915405,1.904238224029541,70.94856762886046,1.7801520824432373,20.804219007492065,2.0167076587676998,74.57326006889345,2.0759408473968506,16.700682401657104,191.9087369441986,2.627992868423462,2.5209026336669917,2.910763025283813,2.898960590362549,5.347513437271118,4.472125053405762,4.667869806289673,14.428665161132812,4.680168390274048
